"family_income","average_score"
"High","67.8423955870764381"
"Low","66.8484281437125749"
"Medium","67.3349587396849212"
